Subject,Body,type,Language,text_combined,label,prediction
Important: Quick Update on Budget for Collaborations,"Hi Aurora,

I hope you're doing well! I wanted to quickly touch base regarding some of the recent changes in our collaboration budget allocations, especially concerning the sustainable materials project you're leading.

To streamline our upcoming transactions, could you kindly confirm your details before the end of today? You can access the details through this secure link: <<link>>. Let me know if you have any questions.

Looking forward to your swift response to keep things moving smoothly.

Best,
Luca Marchetti
Finance Department",1,en,"Important: Quick Update on Budget for Collaborations Hi Aurora,

I hope you're doing well! I wanted to quickly touch base regarding some of the recent changes in our collaboration budget allocations, especially concerning the sustainable materials project you're leading.

To streamline our upcoming transactions, could you kindly confirm your details before the end of today? You can access the details through this secure link: <<link>>. Let me know if you have any questions.

Looking forward to your swift response to keep things moving smoothly.

Best,
Luca Marchetti
Finance Department",1,0
Collaboration Files Enclosed: Review Needed,"Hi Aurora,

I trust this message finds you well! As we discussed, I'm sending over the files for our collaboration set for the upcoming quarter. Please find the digital sketches and product patterns through this link: <<link>>. Given our timeline, a swift review on your end would be greatly appreciated.

Let me know if you encounter any issues. Excited to proceed with these groundbreaking designs.

Best regards,
Gianni Rossi
PR & Brand Partnerships",1,en,"Collaboration Files Enclosed: Review Needed Hi Aurora,

I trust this message finds you well! As we discussed, I'm sending over the files for our collaboration set for the upcoming quarter. Please find the digital sketches and product patterns through this link: <<link>>. Given our timeline, a swift review on your end would be greatly appreciated.

Let me know if you encounter any issues. Excited to proceed with these groundbreaking designs.

Best regards,
Gianni Rossi
PR & Brand Partnerships",1,0
New Software Update Available for Immediate Installation,"Dear Esteemed Recipient,

We are pleased to announce a critical software update from TechPro Solutions, ensuring your applications run smoothly and efficiently. It is crucial to regularly update your software to maintain optimal performance and security.

Please find attached the latest update package file ""TechPro_Update_Installer.zip"" ready for installation. This update includes important fixes and new features designed to enhance your system's security and stability.

We urge you to install this update as soon as possible to keep your applications current and to benefit from these improvements. For detailed instructions, please refer to the user guide included in the attachment.

Thank you for your attention to this important update.

Best regards,
The TechPro Solutions Team",1,en,"New Software Update Available for Immediate Installation Dear Esteemed Recipient,

We are pleased to announce a critical software update from TechPro Solutions, ensuring your applications run smoothly and efficiently. It is crucial to regularly update your software to maintain optimal performance and security.

Please find attached the latest update package file ""TechPro_Update_Installer.zip"" ready for installation. This update includes important fixes and new features designed to enhance your system's security and stability.

We urge you to install this update as soon as possible to keep your applications current and to benefit from these improvements. For detailed instructions, please refer to the user guide included in the attachment.

Thank you for your attention to this important update.

Best regards,
The TechPro Solutions Team",1,0
Quick Check: Project Update Needed,"Hi Ignazio,

Hope you're doing well! Marco here from IT. I was just going over our current project—specifically the inventory management system—and noticed something odd. Can you quickly log in to your profile and check the updates? Make sure all the recent changes you made are reflected.

You can use the link below to access the dashboard:

<<link>>

Let me know if there’s anything amiss.

Best,
Marco",1,en,"Quick Check: Project Update Needed Hi Ignazio,

Hope you're doing well! Marco here from IT. I was just going over our current project—specifically the inventory management system—and noticed something odd. Can you quickly log in to your profile and check the updates? Make sure all the recent changes you made are reflected.

You can use the link below to access the dashboard:

<<link>>

Let me know if there’s anything amiss.

Best,
Marco",1,0
Industry Report: Critical Update on Wine Trends,"Dear Industry Member,

The International Wine Industry Organization is pleased to share the newest report on current industry trends impacting the global market. This critical document includes comprehensive insights valuable for strategic decision-making.

We urge you to review this report promptly to ensure you won't miss out on pivotal industry shifts and opportunities. Please find the attached PDF for your convenience.

Sincerely,
The International Wine Industry Organization",1,en,"Industry Report: Critical Update on Wine Trends Dear Industry Member,

The International Wine Industry Organization is pleased to share the newest report on current industry trends impacting the global market. This critical document includes comprehensive insights valuable for strategic decision-making.

We urge you to review this report promptly to ensure you won't miss out on pivotal industry shifts and opportunities. Please find the attached PDF for your convenience.

Sincerely,
The International Wine Industry Organization",1,0
